iter	RMSE
0	9.862055921
1	9.708469939
2	9.56158426
3	9.428246475
4	9.292066384
5	9.153502301
6	9.029312357
7	8.899751908
8	8.772501693
9	8.653368923
10	8.538820069
11	8.424640323
12	8.310588656
13	8.204626292
14	8.095753545
15	7.997518418
16	7.898274558
17	7.798846285
18	7.702393805
19	7.615583013
20	7.526800233
21	7.440039151
22	7.353218709
23	7.265960362
24	7.184184162
25	7.107823349
26	7.031958198
27	6.960967565
28	6.889928157
29	6.830265889
30	6.766646873
